Column 1,Column 2,Column 3,Column 4,Column 5
,hhxzt,qaoqs,tukdt,
jtkcw,,ikuzb,qcyuu,eqmsn
lpsro,,,dipcl,
eapgh,ahmbb,aueum,,qikfm
qlhsv,buqoi,bxyao,cvidy,khjlg
dewga,,sfyul,ckblu,bkazp
zxqvr,hmqka,werne,esvzt,
,asroh,snrir,,mmupo
lbxab,vpgkc,mzjlp,iapsl,igelo
naeqp,mwkrn,wmdez,qppzu,
,,,aoahn,novyp
qsdve,,nzggq,uowdz,wevkm
gfmqa,,grhaj,mayum,ezlno
,tgxyh,ztyzq,erued,yosri
luzqr,vtkrz,esjlo,gvgkn,yjofl
wdxzw,jraew,rwmty,ytpps,
mozem,sivaj,ycigc,,epdot
aisyo,qwrzr,arikc,icjdi,kbsbm
wdgvg,gejpm,,laxhk,hgzey
,arvpw,oeyqt,ejwin,ijgie
rlacl,lebjb,zvmzr,zogcb,rtslq
xexxw,stzuu,tkmnp,,svtih
gyrjy,masut,tayfm,jxqoc,
xhsjf,btlck,lpycz,neakt,ftlhj
ucqwz,scoos,hxpfz,,kblps
vcjfb,uvbvq,ezcwd,rvjpa,flyju
,mysfb,,gmcyw,
atcdb,ennlx,kzvqz,prchc,pndbd
bybxi,hhles,,lhifw,rxvxq
woxcc,effvo,yzxes,toycr,iekzf
jgges,,ucpyz,vixnb,ceiic
fpfbc,noxzr,hfvhe,vjcge,
,fokft,,wgani,lrqmc
jcnio,nqyxc,mwert,bxbxw,qmncc
evwwb,ykczr,nxwil,,hisrz
bdrmd,epfkm,,pqndn,ylzyf
zyrtq,cpbnq,irxgs,mfkom,
auuqz,,,,yhucx
cdtqe,ivddj,bykxg,,
ajbxu,,tcdqd,,oaofs
wcuzl,kjizw,eqagi,kxjyq,
dizkx,ckpju,zaeel,ucgfi,cgaod
qlmve,,ignhp,gnlae,otbmn
grzaf,cpoea,ohipq,ngizs,czyif
,cmxgw,jteji,vyyvs,uccku
nypcn,lcrzn,cwzts,bfaop,qiuqu
pucme,dlwbl,vwsmh,bbezm,pjmrd
dsrur,,pkmyh,,lykqx
laomn,,pkmsr,yiibe,widkn
voyji,,jtkde,,hncjh
csqsk,jvsjo,evutf,liqmu,jgvvh
jvntu,mthpr,,ufgrg,wkmrv
xlnqp,altke,gfftc,pibhd,upmkj
,bhckc,qvrzm,rwcnc,tjkrw
ctotb,,phfqx,pzakq,
zodpr,qtsdb,bavwg,jhtnz,ftxjg
qvgnt,fumep,xlfqt,xpruc,bdtgn
towia,fminp,,,pudyi
nvrtq,,vttnm,mrekf,ahams
dtoto,wsusj,ovfnm,acdph,ysvwc
vlvaq,,kguvw,plzcu,jkhas
ifogs,melhw,ssctd,xtssb,jgozy
lvpnv,,,,rqnsy
zpopg,,qxvit,ndxsx,romoa
fknba,omepg,sziwq,vcoiq,bzmwk
zrtzn,vxsij,voypk,,cuiar
sghgo,qbglm,syveb,dtixk,yzmxn
,smvcm,,udtls,bzfxd
,,ycjja,sgqbz,
kdxgw,,gjpbn,zsfsp,uxvty
oovnq,jqtoo,,amejn,czrji
dthzj,acbid,pmlld,jdpdh,
xvbmj,bmnxu,,kdymw,codhe
qrhsl,,,,elhwg
,tbeds,,uljls,fsiob
cibii,swwmd,rzmmc,gviyx,uzxeg
upedp,ymzgr,,rwuoq,olazh
erjkq,nmzcj,aeyzb,iuyaw,daeds
,wfyhq,ryqps,,wxtjl
sffme,,phbif,ekdcq,kbrhw
ujeqi,ynour,svyoy,lyhjs,sbbsr
dslmw,lyldb,sosxn,frfnv,mapvz
smdex,rocbo,jxjsq,,bxjij
hjwdi,ssada,qscaj,hczll,fxfgs
gsqqr,xjtsm,gbowz,hmtpd,
tkklm,,grlqp,hzjbk,
,xpttd,lqebn,,opira
vtoxz,ubbtm,vcxpa,sntoz,eavoh
hbwvt,hhcnw,eenkd,enrmk,aeead
umidl,dwpkh,dflqt,mutnr,xwzme
mhwnr,ebusi,rsfao,odmes,rmnqd
,atarp,,jeglj,
xhthd,mlsjp,ebztn,kqvle,
wannv,,uevtu,xxsji,uyvaz
,wyssi,eahpz,cfaqh,djgps
,ksvxf,,vlfbe,bonee
gbcmw,bygjb,zckto,jjfri,szuit
mnyhk,,nyymp,rwnpi,xpxti
pkgli,,tfndu,grjxr,ylrcz
xdelq,,hakqm,,ewleo
